HBM679.ZVHH.999,323c68262eb07f786041b6253e9e83ca
HBM937.KCXB.496,04bd9feb5912d670b05c67ad7b8d7d03
HBM865.HBXQ.958,36269155c236025943334c5cae9332a1
HBM865.TRVX.355,fe391b9ac729ec7b73d55d66e1e74438
HBM799.ZJDP.379,503f9caeffb9ee1e1324793c977d2342
HBM476.ZWMS.768,71e7e38c9d8a2f211e3ef47d7b8f3fe6
HBM275.PDRR.759,a4fe3e811e2bfc795dbbb133f6b6a8a4
HBM494.MQQL.234,79022070eab3517655e57a85b2438e7a
HBM372.TFNT.572,a2268636667d51ce05ddea2451621434
HBM375.WFJK.667,34dc58df212563c90d9d86782f4209ba
HBM384.DLRM.527,316772d6487538152b82e056fa74471d
HBM243.BNRR.699,94bdf10fbadf6e9e35cb22b123272303
HBM258.HQCL.349,5c57b3574a103e4990c8ed54cd82c6e6
HBM282.BKRZ.254,44830922b634a9ecd4812b4f27ad4923
HBM684.TLPQ.738,781a16848177ef6567d4963a0eb9fb0a
HBM476.VHDB.268,bca0d1d7fcb2bdcde16a31d1484e83e5
HBM688.FLJB.475,b0c09583b2a1b3c82eddce71706dba4b
HBM495.ZFDT.229,069a6930776ca28f8e10c3781aa13b56
HBM664.LQSH.693,4348d5cf6485b949381a1c3358ab3f23
HBM942.NXWW.245,b5ff6c347488c45deafeb6316dc7925b
HBM892.HQDK.764,fc5560162deab57641085cdf8bcdfe87
HBM272.FWMV.423,8b205b7d32b404e39106405cfc0beaad
HBM297.TTGF.282,dd9c7ba448d249b4d8d99e444c592c54
HBM248.RRWQ.849,449b70caa00da3640d090884e91a28a8
HBM826.VZFT.824,7b15d0833426852e59a08f6c6a75f4d8
HBM884.TGCL.432,aeb2f6902721eb8c7d44c1c3669c640c
HBM987.RLTF.378,86ad3859bb98f5d35e5f2ce553e64164
HBM244.FRPJ.636,6b19b8025b7928aa2eb3c43c00955b93
HBM837.HQNL.776,611d301d6755508efd91a6d924d7c400
HBM347.MRTV.333,69e35548d14ef026c46ddbab31f761da
HBM332.KQWB.454,e3d2be85088ae5073758e6609167407a
HBM537.GVTL.683,17fb6d5db17936acc8fb613ce98ab808
HBM252.JLSW.848,f4b3c0e24e09e1e8c16f2e4e190a8cbb
HBM996.XSNK.694,10b22d398b548c141167d4d9c4cbd79e
HBM958.GZCX.985,28d7789ef980031fb7278646fe43ffe1
HBM525.LRPL.332,4734034ae3026f586bab5269085ba0e6
HBM243.MTZV.726,5137facf6f24b87d325b886ec8e5fb1f
HBM393.DZDZ.972,15882fef75843d5cef518853a0e8246d
HBM876.HTRX.668,aa97a7c3e11e210bfa1629ee467bdcf6
HBM447.KCHB.778,911380980cd33eac5add7f72d86de146
HBM242.HNLH.466,d655e506e3e07f345c65c3cc90d045e2
HBM844.KXXX.692,8adfc58a225049fb0884a8289d560534
HBM427.KFXP.323,2ee93cd3a39b317d58d3f308281a943e
HBM246.KBZS.276,bba1f664447f3bf1bccb0b6ebf2f61ad
HBM785.LNQZ.992,df811b74923e105691a021be3fa35e54
HBM994.XRGN.328,91d725656c8439a58d92ccadc01465bf
HBM793.QCGM.999,813af4ad3207830e0e7b2559413028bf
HBM987.ZCTQ.736,6c8b810d8727dfc1dba7774a26d885a5
HBM786.HSRC.868,76b410b314b455d86dfa098c97b8acf6
HBM688.LGBS.644,2f9777369594ff09a82bd51f6251ed83
HBM843.QHNR.854,c429e51920537c11fa91d1bc69085c1d
HBM724.LVHJ.956,d11c49c38ffba032b8a95e28a781f54b
HBM537.SKND.632,cf3ba9b4cc97302d70d28139ae8e4c13
HBM563.FJNH.776,9d37d91769087f8082a514f6eed10bbc
HBM356.QPJF.839,8f27d93b71147597f38de827f233930e
HBM243.TTRM.823,142389945aef42b17d85cbd7bee073fd
HBM692.FLDL.779,4fee7d4cc398bcb85e3c2a31b7baf999
HBM938.FTRX.289,5302ee81cb9692dfda92b2c5dad37198
HBM752.ZRBH.538,8d6cb8fe53f4e885ffae4a09d1207d1b
HBM532.RKTB.483,9194b6a9ed87b1ce0a6744cc26bd3eca
HBM837.TDQQ.538,4a4c98d9dd27afd652cdab74f9952bf1
HBM729.RCXL.887,2dc005024c64b82e95e6e69d56407c0e
HBM697.GKCG.783,0b2dd0e14711d1f77e15ff1c731ef069
HBM439.JPZX.574,82400009b02f7651f3edf5b292f7cd9a
HBM879.RZJJ.974,897c8d98e62b782b81f4b1bbf85e49bc
HBM349.BJZL.272,e35c788dcdcb18c64ad300097b0b863c
HBM772.WGBN.852,30cca46b98006c525d3df89d6b6374e4
HBM933.KKNP.986,d05772452329266e789a0bfe5e251739
HBM634.QQWF.789,feea9accbe57b7a052563895ac543d91
HBM932.TBDW.952,2fddd5c64171027565fa163280b1652a
HBM388.SGMJ.342,5bc39f0a0deb7632f5cb9650d5e7067c
HBM268.RGJT.587,c05a38c5210b870281b5aea01e290339
HBM297.XVDG.492,107f237dc1c866e9e9b215c7354c8d6a
HBM742.PSCP.565,cb75fa61840081ea61c83bd9d76c7061
HBM584.JCQV.788,93204c7af92f0bad431735d7c9c9185a
HBM254.SXWG.373,a2b20bdf8e9602ea775a84cbb10472d3
HBM944.XPFX.655,8cc6af72f27be7b6406547c64bbb2637
HBM745.XMRR.874,a8560706a0a6bcffd974ed4dd8082571
HBM552.PBBF.363,2a590db3d7ab1e1512816b165d95cdcf
HBM979.KNQM.454,0cecd7cf1da6f81d3654c1712a5d61a2
HBM834.THPC.928,67c6b239cf0986423273c874dd8c5e66
HBM873.NSHG.559,5a6470730104461ebb4358a11f70bd56
